timestamp,landmark_0_x,landmark_0_y,landmark_0_z,landmark_0_visibility,landmark_1_x,landmark_1_y,landmark_1_z,landmark_1_visibility,landmark_2_x,landmark_2_y,landmark_2_z,landmark_2_visibility,landmark_3_x,landmark_3_y,landmark_3_z,landmark_3_visibility,landmark_4_x,landmark_4_y,landmark_4_z,landmark_4_visibility,landmark_5_x,landmark_5_y,landmark_5_z,landmark_5_visibility,landmark_6_x,landmark_6_y,landmark_6_z,landmark_6_visibility,landmark_7_x,landmark_7_y,landmark_7_z,landmark_7_visibility,landmark_8_x,landmark_8_y,landmark_8_z,landmark_8_visibility,landmark_9_x,landmark_9_y,landmark_9_z,landmark_9_visibility,landmark_10_x,landmark_10_y,landmark_10_z,landmark_10_visibility,landmark_11_x,landmark_11_y,landmark_11_z,landmark_11_visibility,landmark_12_x,landmark_12_y,landmark_12_z,landmark_12_visibility,landmark_13_x,landmark_13_y,landmark_13_z,landmark_13_visibility,landmark_14_x,landmark_14_y,landmark_14_z,landmark_14_visibility,landmark_15_x,landmark_15_y,landmark_15_z,landmark_15_visibility,landmark_16_x,landmark_16_y,landmark_16_z,landmark_16_visibility,landmark_17_x,landmark_17_y,landmark_17_z,landmark_17_visibility,landmark_18_x,landmark_18_y,landmark_18_z,landmark_18_visibility,landmark_19_x,landmark_19_y,landmark_19_z,landmark_19_visibility,landmark_20_x,landmark_20_y,landmark_20_z,landmark_20_visibility,landmark_21_x,landmark_21_y,landmark_21_z,landmark_21_visibility,landmark_22_x,landmark_22_y,landmark_22_z,landmark_22_visibility,landmark_23_x,landmark_23_y,landmark_23_z,landmark_23_visibility,landmark_24_x,landmark_24_y,landmark_24_z,landmark_24_visibility,landmark_25_x,landmark_25_y,landmark_25_z,landmark_25_visibility,landmark_26_x,landmark_26_y,landmark_26_z,landmark_26_visibility,landmark_27_x,landmark_27_y,landmark_27_z,landmark_27_visibility,landmark_28_x,landmark_28_y,landmark_28_z,landmark_28_visibility,landmark_29_x,landmark_29_y,landmark_29_z,landmark_29_visibility,landmark_30_x,landmark_30_y,landmark_30_z,landmark_30_visibility,landmark_31_x,landmark_31_y,landmark_31_z,landmark_31_visibility,landmark_32_x,landmark_32_y,landmark_32_z,landmark_32_visibility
2025-11-26 22:44:33.766,0.8062291145324707,0.5222486257553101,-0.5610359311103821,0.9985255599021912,0.8049792051315308,0.48192018270492554,-0.49392008781433105,0.998705267906189,0.8108293414115906,0.4820200800895691,-0.49413594603538513,0.9988372921943665,0.8158847093582153,0.48267295956611633,-0.49415212869644165,0.9987438321113586,0.7804369330406189,0.4828469455242157,-0.5450803637504578,0.9987257122993469,0.7679182291030884,0.48459964990615845,-0.5449671149253845,0.9989192485809326,0.7538833618164062,0.4862152338027954,-0.545371413230896,0.9987492561340332,0.7993519902229309,0.5048689842224121,-0.1265236735343933,0.9990957975387573,0.7100579142570496,0.5112532377243042,-0.34830430150032043,0.9993069171905518,0.8145705461502075,0.569283127784729,-0.4231855869293213,0.999241828918457,0.7841799259185791,0.5736938714981079,-0.48664751648902893,0.999270498752594,0.874279797077179,0.7672223448753357,0.08495800197124481,0.9947155117988586,0.5947969555854797,0.7692709565162659,-0.33616524934768677,0.9909505844116211,0.9288484454154968,0.9546072483062744,-0.16153694689273834,0.2018856257200241,0.6258552074432373,1.0742042064666748,-0.6838874816894531,0.46977075934410095,0.8523174524307251,1.0327187776565552,-0.7173919081687927,0.22843080759048462,0.7093744874000549,1.0730541944503784,-1.1971875429153442,0.3018784523010254,0.827722430229187,1.0599353313446045,-0.828384280204773,0.2542635202407837,0.7292252779006958,1.0986037254333496,-1.325935959815979,0.3425668179988861,0.7745564579963684,0.9481116533279419,-0.8255079984664917,0.3146825134754181,0.7253130674362183,1.0590252876281738,-1.3285224437713623,0.41755715012550354,0.7809715867042542,0.9416286945343018,-0.7361534237861633,0.28888407349586487,0.7274643778800964,0.9654464721679688,-1.2104742527008057,0.3615013360977173,0.8627103567123413,1.3057321310043335,0.07729082554578781,0.010261228308081627,0.6718483567237854,1.3321198225021362,-0.07418249547481537,0.007782431785017252,0.8639172315597534,1.7447975873947144,0.05215455964207649,0.007478404324501753,0.6769934892654419,1.7731810808181763,-0.14441721141338348,0.0048052421770989895,0.872278094291687,2.1469290256500244,0.3950750231742859,0.0012940653832629323,0.6872496604919434,2.181729793548584,0.061638761311769485,0.00048356110346503556,0.8710595369338989,2.2070870399475098,0.40549033880233765,0.0014541756827384233,0.6746732592582703,2.2474465370178223,0.06438465416431427,0.0006757620139978826,0.8848310708999634,2.2707746028900146,0.03478066250681877,0.0020857707131654024,0.7403676509857178,2.292818307876587,-0.3810875117778778,0.0016114701284095645
2025-11-26 22:44:33.962,0.8077558279037476,0.5192004442214966,-0.5535601377487183,0.9981904625892639,0.8050796389579773,0.47896963357925415,-0.4859989285469055,0.9984500408172607,0.8104511499404907,0.47900211811065674,-0.48623210191726685,0.9985811710357666,0.8150383234024048,0.47963935136795044,-0.4862474501132965,0.9985054731369019,0.7816722393035889,0.4801134467124939,-0.538845956325531,0.9985052347183228,0.769493579864502,0.4818686842918396,-0.538761556148529,0.9987258315086365,0.7558587193489075,0.4836867153644562,-0.5391911268234253,0.9985625147819519,0.7977442145347595,0.5029672980308533,-0.11941631883382797,0.9989011287689209,0.7122804522514343,0.5096243023872375,-0.34862348437309265,0.9991862177848816,0.8161328434944153,0.5652655363082886,-0.41614747047424316,0.9990870952606201,0.7867268919944763,0.5691334009170532,-0.48176878690719604,0.9991395473480225,0.8736902475357056,0.7671274542808533,0.0922895222902298,0.9935152530670166,0.5967614650726318,0.7668640613555908,-0.3421279489994049,0.9899435043334961,0.9298654794692993,0.9521808624267578,-0.15417882800102234,0.21384967863559723,0.6253524422645569,1.0653133392333984,-0.6820241212844849,0.45850563049316406,0.8487578630447388,1.02382230758667,-0.7123925685882568,0.2290114462375641,0.7011752724647522,1.0948032140731812,-1.196696162223816,0.2519591152667999,0.7959814667701721,0.9835227727890015,-0.8252123594284058,0.2562349736690521,0.7178565859794617,1.1314011812210083,-1.3287338018417358,0.30251914262771606,0.771547794342041,0.9491849541664124,-0.824749767780304,0.3150283992290497,0.7172209024429321,1.092927098274231,-1.336286187171936,0.3746139705181122,0.7786627411842346,0.9423350095748901,-0.7324625253677368,0.2882460355758667,0.7277313470840454,0.9795927405357361,-1.2125487327575684,0.32203713059425354,0.860063374042511,1.3051563501358032,0.08266547322273254,0.0114408228546381,0.6708058714866638,1.330209732055664,-0.0795871689915657,0.008761031553149223,0.8603020906448364,1.7429695129394531,0.060670722275972366,0.007772356737405062,0.6744194030761719,1.7696374654769897,-0.15749527513980865,0.005371663719415665,0.8669835329055786,2.1444761753082275,0.40187373757362366,0.0013151353923603892,0.683383584022522,2.1796624660491943,0.04879258573055267,0.000618535908870399,0.8653131723403931,2.204596519470215,0.4120101034641266,0.0014649851946160197,0.6701213717460632,2.24617075920105,0.051452137529850006,0.0009240161161869764,0.8799452781677246,2.2682769298553467,0.043544113636016846,0.002292597433552146,0.7381712198257446,2.2902777194976807,-0.3952157497406006,0.0020407107658684254
2025-11-26 22:44:34.179,0.8072702288627625,0.5217401385307312,-0.5431458353996277,0.997836172580719,0.805305004119873,0.4809286892414093,-0.4759531617164612,0.9980525970458984,0.8109389543533325,0.4809441566467285,-0.4761621356010437,0.9981929659843445,0.815747082233429,0.4815543293952942,-0.4761754870414734,0.9981347322463989,0.7813482880592346,0.48206302523612976,-0.528611958026886,0.9981755018234253,0.768922746181488,0.4838660955429077,-0.5285160541534424,0.9984478950500488,0.7553201913833618,0.4857397675514221,-0.5289605855941772,0.9982916712760925,0.7994446158409119,0.5039987564086914,-0.11447657644748688,0.9985952973365784,0.712740421295166,0.5115326046943665,-0.3419073820114136,0.999025821685791,0.815625786781311,0.5674269199371338,-0.40775737166404724,0.9988930821418762,0.7855067253112793,0.5721063017845154,-0.47287431359291077,0.9989684820175171,0.8728914260864258,0.7645909786224365,0.09361188858747482,0.9926127195358276,0.5972500443458557,0.766423761844635,-0.3429208993911743,0.9895860552787781,0.9350714683532715,0.9483681917190552,-0.15255141258239746,0.21057182550430298,0.6323310732841492,1.0664174556732178,-0.6625182628631592,0.4471006691455841,0.8463118672370911,1.0124633312225342,-0.6961919069290161,0.21765124797821045,0.7205987572669983,1.1188831329345703,-1.1354663372039795,0.20410655438899994,0.8199940919876099,1.0381648540496826,-0.8101314306259155,0.23506851494312286,0.7403413653373718,1.1643093824386597,-1.2622871398925781,0.24880081415176392,0.7727819681167603,0.9388269186019897,-0.8041628003120422,0.2880050241947174,0.7418584823608398,1.126220464706421,-1.272569179534912,0.3138069212436676,0.7793961763381958,0.9310334920883179,-0.7144824266433716,0.2658555209636688,0.7481212019920349,1.0037314891815186,-1.1512413024902344,0.27019405364990234,0.8630602955818176,1.3013556003570557,0.08035458624362946,0.01097127515822649,0.6744102239608765,1.3271057605743408,-0.0772484838962555,0.00854745414108038,0.8629168272018433,1.7394747734069824,0.05045224353671074,0.006594877224415541,0.6764152646064758,1.767313838005066,-0.13990341126918793,0.004595372825860977,0.8698269128799438,2.140362501144409,0.38875800371170044,0.0011467317817732692,0.6864186525344849,2.174844980239868,0.062420718371868134,0.0005197837017476559,0.8687734603881836,2.200185537338257,0.3987116813659668,0.0012775546638295054,0.6732576489448547,2.241255283355713,0.06469272822141647,0.0008496224181726575,0.881252646446228,2.262882947921753,0.028322000056505203,0.0020528603345155716,0.7418684363365173,2.28446364402771,-0.37913206219673157,0.0018163733184337616
2025-11-26 22:44:34.402,0.8073683977127075,0.5220590233802795,-0.5667133331298828,0.9983727931976318,0.8056605458259583,0.4810481667518616,-0.49750882387161255,0.9986019730567932,0.8113912343978882,0.4811451733112335,-0.4977298676967621,0.9986649751663208,0.816297173500061,0.4818405508995056,-0.4977521300315857,0.9986523985862732,0.7816691994667053,0.4818844199180603,-0.5525005459785461,0.9986664056777954,0.7691667675971985,0.4836798310279846,-0.5524037480354309,0.9988328814506531,0.755504846572876,0.4856283962726593,-0.5528246164321899,0.9987491369247437,0.8002976179122925,0.5043330192565918,-0.12526774406433105,0.9989357590675354,0.7126368880271912,0.5123685002326965,-0.3637206554412842,0.9992660880088806,0.8160661458969116,0.567724347114563,-0.427246630191803,0.9992073178291321,0.7857670187950134,0.5725662708282471,-0.49546757340431213,0.9992523789405823,0.8735532760620117,0.7661352157592773,0.09854581207036972,0.993726372718811,0.596813440322876,0.7709317803382874,-0.3610261082649231,0.990847110748291,0.9315706491470337,0.9502097368240356,-0.10268516838550568,0.16337920725345612,0.6341479420661926,1.0701117515563965,-0.6620170474052429,0.43231138586997986,0.8638883829116821,1.0785939693450928,-0.6459223628044128,0.14017508924007416,0.7247544527053833,1.1407678127288818,-1.1417070627212524,0.19147427380084991,0.8446546792984009,1.1202212572097778,-0.7588189840316772,0.17553523182868958,0.7440586686134338,1.1909136772155762,-1.273306131362915,0.2485816925764084,0.7990545034408569,0.9765269756317139,-0.7701924443244934,0.22812949120998383,0.7476385235786438,1.1540718078613281,-1.2880562543869019,0.32050010561943054,0.8027838468551636,0.9643583297729492,-0.6713050007820129,0.20792165398597717,0.7554518580436707,1.0371278524398804,-1.1592185497283936,0.27070945501327515,0.8644790649414062,1.3059333562850952,0.08426227420568466,0.009854521602392197,0.6773724555969238,1.3311069011688232,-0.08111588656902313,0.0077516776509583,0.864985466003418,1.7462823390960693,0.036808982491493225,0.008137691766023636,0.6814543008804321,1.7734301090240479,-0.16467036306858063,0.005291097331792116,0.8722168207168579,2.1491644382476807,0.37484851479530334,0.0014415165642276406,0.6923531293869019,2.1851563453674316,0.034042421728372574,0.000619019556324929,0.8711851239204407,2.2098937034606934,0.3838685154914856,0.0015238429186865687,0.6792694926261902,2.2529335021972656,0.03511340171098709,0.00106782594230026,0.8835262060165405,2.2703857421875,0.0039913044311106205,0.002348559210076928,0.7468770146369934,2.2941017150878906,-0.4188331961631775,0.002100864425301552
2025-11-26 22:44:34.608,0.8057525753974915,0.5262098908424377,-0.5586598515510559,0.9983066320419312,0.8048903346061707,0.4847610592842102,-0.49244222044944763,0.998297393321991,0.8110343813896179,0.4847763180732727,-0.49266570806503296,0.9983868598937988,0.8163406252861023,0.48523420095443726,-0.4927116930484772,0.9983186721801758,0.7800569534301758,0.4861537218093872,-0.5471088886260986,0.9984725117683411,0.7672841548919678,0.4879646897315979,-0.5469873547554016,0.9987013339996338,0.753689706325531,0.48992860317230225,-0.5474599003791809,0.9985969662666321,0.8022197484970093,0.5070079565048218,-0.12967824935913086,0.9985221028327942,0.7118324041366577,0.5160315632820129,-0.3660094738006592,0.9991532564163208,0.8153129816055298,0.5723896026611328,-0.4222533702850342,0.9990683197975159,0.7844159603118896,0.5777890086174011,-0.48975926637649536,0.9991869330406189,0.8732908368110657,0.7675090432167053,0.10020940005779266,0.993286669254303,0.5973525047302246,0.7696970701217651,-0.3644646108150482,0.9928020238876343,0.9277013540267944,0.945836067199707,-0.0782008171081543,0.13378138840198517,0.6404038667678833,1.0863873958587646,-0.6229509711265564,0.4243616461753845,0.8656202554702759,1.0926200151443481,-0.6121286749839783,0.08817251771688461,0.7266736030578613,1.2175401449203491,-1.0655245780944824,0.1501832753419876,0.8489236831665039,1.137571096420288,-0.7216707468032837,0.11028032749891281,0.7420747876167297,1.2843546867370605,-1.1904007196426392,0.18861722946166992,0.8009991645812988,1.0086394548416138,-0.7375418543815613,0.1467323899269104,0.7512688636779785,1.256893515586853,-1.2124735116958618,0.245292529463768,0.8038045763969421,0.9914084672927856,-0.6393584609031677,0.13460835814476013,0.748393714427948,1.2300137281417847,-1.084520936012268,0.21028254926204681,0.865791916847229,1.3070282936096191,0.07971406728029251,0.008773907087743282,0.676884114742279,1.3321630954742432,-0.0766080915927887,0.0073335664346814156,0.8689390420913696,1.7492164373397827,0.05724557489156723,0.007304111961275339,0.6840858459472656,1.7760387659072876,-0.12201882898807526,0.004936071578413248,0.8777309656143188,2.151585578918457,0.41612011194229126,0.0012146859662607312,0.6935786008834839,2.1831793785095215,0.10124139487743378,0.0006092619732953608,0.8774126172065735,2.2112746238708496,0.42710986733436584,0.0010938788764178753,0.6803574562072754,2.249591827392578,0.10510550439357758,0.0009202233050018549,0.88714998960495,2.2757937908172607,0.04892037436366081,0.002093270421028137,0.7478351593017578,2.293811798095703,-0.3439745008945465,0.0018753738841041923
2025-11-26 22:44:34.814,0.8060256838798523,0.5264167785644531,-0.5526999831199646,0.9985405206680298,0.8051910400390625,0.4853103756904602,-0.48596519231796265,0.9985260963439941,0.8113471269607544,0.48537471890449524,-0.4861735701560974,0.9986047148704529,0.8166952133178711,0.4858485460281372,-0.4862350821495056,0.9985477328300476,0.7801610827445984,0.48654645681381226,-0.5393909811973572,0.9986709356307983,0.7673742771148682,0.4882556200027466,-0.5392736196517944,0.9988836646080017,0.7537115812301636,0.4899801015853882,-0.5397188067436218,0.998794674873352,0.8023885488510132,0.5073142051696777,-0.12589238584041595,0.9987103939056396,0.7112172842025757,0.5154833197593689,-0.35612672567367554,0.9992886781692505,0.8149334192276001,0.5724607110023499,-0.41766873002052307,0.9991793036460876,0.7841955423355103,0.5779373645782471,-0.48331815004348755,0.999293327331543,0.8705684542655945,0.7669458389282227,0.10296134650707245,0.9937912821769714,0.5983519554138184,0.7673452496528625,-0.3663135766983032,0.9941279888153076,0.9268101453781128,0.9444757699966431,-0.04500420764088631,0.12268934398889542,0.6515159606933594,1.002428650856018,-0.6080807447433472,0.47105592489242554,0.8718079328536987,1.1174697875976562,-0.5433433055877686,0.0747644379734993,0.7363502383232117,1.221889853477478,-1.0245883464813232,0.16731128096580505,0.8599634170532227,1.1701539754867554,-0.6490152478218079,0.10003476589918137,0.7529435753822327,1.288105845451355,-1.1463831663131714,0.208246111869812,0.8413235545158386,1.1422269344329834,-0.6719065308570862,0.13542814552783966,0.7623635530471802,1.2612602710723877,-1.1705302000045776,0.27167272567749023,0.8396037817001343,1.1280838251113892,-0.5728300213813782,0.12497545033693314,0.758848249912262,1.2348254919052124,-1.043605923652649,0.23350216448307037,0.8641826510429382,1.3074288368225098,0.08198177069425583,0.008715404197573662,0.6773046255111694,1.3323612213134766,-0.07890418916940689,0.007506942842155695,0.8674359321594238,1.7513978481292725,0.03236502408981323,0.007231120485812426,0.6848219633102417,1.7804012298583984,-0.13147331774234772,0.004818746820092201,0.8749260902404785,2.1565940380096436,0.38023868203163147,0.0012945233611389995,0.6928765177726746,2.1909637451171875,0.07557680457830429,0.000551645178347826,0.8740557432174683,2.218013286590576,0.3901544511318207,0.0011809573043137789,0.6778952479362488,2.2592382431030273,0.07754610478878021,0.0009184459922835231,0.887341320514679,2.2771897315979004,0.0156463161110878,0.002020892221480608,0.7499569058418274,2.298656940460205,-0.36922934651374817,0.0017004333203658462
2025-11-26 22:44:35.020,0.8065921068191528,0.5252454876899719,-0.5103774070739746,0.996995210647583,0.8054708242416382,0.48451077938079834,-0.44301629066467285,0.9972051978111267,0.8114928007125854,0.48460233211517334,-0.44323572516441345,0.997418999671936,0.8167335391044617,0.48518484830856323,-0.4432540833950043,0.9973548650741577,0.780666172504425,0.48588067293167114,-0.4989107549190521,0.9973631501197815,0.7679973244667053,0.4878166913986206,-0.49882373213768005,0.997785210609436,0.7543034553527832,0.4898008108139038,-0.49929532408714294,0.9975494742393494,0.8016501665115356,0.5070562362670898,-0.08259221911430359,0.9979483485221863,0.7112804651260376,0.5157434940338135,-0.32358965277671814,0.9986453652381897,0.815320611000061,0.5710150599479675,-0.37472671270370483,0.9982699155807495,0.7848382592201233,0.5765102505683899,-0.4438745379447937,0.9984413981437683,0.8684850931167603,0.7659082412719727,0.12290580570697784,0.9905745387077332,0.5977024435997009,0.7651387453079224,-0.34483835101127625,0.9860376715660095,0.9238309860229492,0.9326202869415283,-0.13827422261238098,0.1915624886751175,0.6467316746711731,1.0033588409423828,-0.680992066860199,0.4630993604660034,0.8373811841011047,0.9810976386070251,-0.6836863160133362,0.23045358061790466,0.757431149482727,1.0957484245300293,-1.1058354377746582,0.20801424980163574,0.8123038411140442,1.0008329153060913,-0.7969228029251099,0.2449437379837036,0.7866239547729492,1.1366169452667236,-1.224818229675293,0.23954124748706818,0.7760193347930908,0.9228789806365967,-0.7848923206329346,0.29585859179496765,0.7849774956703186,1.0982211828231812,-1.2262663841247559,0.29784974455833435,0.7818453311920166,0.9159539341926575,-0.700191080570221,0.2721273899078369,0.7709333896636963,0.9827439188957214,-1.1160064935684204,0.2555471956729889,0.8631632924079895,1.299048662185669,0.08472475409507751,0.00975873600691557,0.6746001839637756,1.326375126838684,-0.08166267722845078,0.007264713756740093,0.8698762655258179,1.7381916046142578,0.04262838140130043,0.0059353807009756565,0.6834652423858643,1.7679028511047363,-0.14196252822875977,0.004012030549347401,0.8801041841506958,2.140378713607788,0.3783121109008789,0.0009257309720851481,0.6950827240943909,2.1754281520843506,0.05625653266906738,0.00042302071233280003,0.8795278668403625,2.2004754543304443,0.38782843947410583,0.0009556317236274481,0.6808177828788757,2.2423272132873535,0.058357130736112595,0.000684383965563029,0.8933650851249695,2.2619683742523193,0.016152359545230865,0.0016418774612247944,0.7528541088104248,2.2830851078033447,-0.3867569863796234,0.0015307953581213951
2025-11-26 22:44:35.223,0.8071463704109192,0.5265015363693237,-0.5065728425979614,0.9965232610702515,0.8057900667190552,0.4858607053756714,-0.43787360191345215,0.996795117855072,0.8117424249649048,0.48609381914138794,-0.438099205493927,0.9970199465751648,0.8168843388557434,0.4867286682128906,-0.4381102919578552,0.9969967603683472,0.7812764048576355,0.4870119094848633,-0.49568527936935425,0.9970300197601318,0.7688005566596985,0.4888235926628113,-0.4956236481666565,0.9975257515907288,0.7552060484886169,0.4907604455947876,-0.4961013197898865,0.9973152279853821,0.8013127446174622,0.5075557827949524,-0.07372743636369705,0.9976404905319214,0.7118304967880249,0.5161086320877075,-0.32333722710609436,0.9984602928161621,0.8156774640083313,0.5725373029708862,-0.36936473846435547,0.9979463219642639,0.7855095863342285,0.577748715877533,-0.4411095082759857,0.9981301426887512,0.8680580258369446,0.7660919427871704,0.13127721846103668,0.9887737035751343,0.5961260199546814,0.7661373019218445,-0.3512708246707916,0.9845676422119141,0.9212720990180969,0.9334795475006104,-0.12374134361743927,0.17790421843528748,0.6490346193313599,1.0039008855819702,-0.6980169415473938,0.4831604063510895,0.8306621313095093,0.9896564483642578,-0.6520876884460449,0.20253337919712067,0.770997166633606,1.0740400552749634,-1.103143572807312,0.22810138761997223,0.8050003051757812,1.0119612216949463,-0.7626509666442871,0.2205960601568222,0.8037127256393433,1.108419418334961,-1.2207165956497192,0.2551630139350891,0.7741231918334961,0.9396340847015381,-0.7502767443656921,0.26905718445777893,0.7998666167259216,1.0701372623443604,-1.2185355424880981,0.31349048018455505,0.7799474000930786,0.9307657480239868,-0.6683298349380493,0.24486607313156128,0.7893575429916382,0.980117917060852,-1.1112587451934814,0.265970915555954,0.8620014190673828,1.2991111278533936,0.08847220987081528,0.010851831175386906,0.6750258207321167,1.325038194656372,-0.08547760546207428,0.008305348455905914,0.8665706515312195,1.7357566356658936,0.02720009721815586,0.007974558509886265,0.6815651059150696,1.7628215551376343,-0.16257844865322113,0.005329906940460205,0.8745838403701782,2.1380770206451416,0.3535248637199402,0.0011621563462540507,0.6910572052001953,2.1721322536468506,0.026595503091812134,0.0005519120604731143,0.8734196424484253,2.199136972427368,0.36193302273750305,0.0011334988521412015,0.6759670972824097,2.2407758235931396,0.02744479849934578,0.0008749152184464037,0.8894277811050415,2.256190061569214,-0.013783266767859459,0.0020244603510946035,0.7493786215782166,2.27648663520813,-0.4197918772697449,0.001918519614264369
2025-11-26 22:44:35.470,0.8069427609443665,0.5261975526809692,-0.5021393299102783,0.996702253818512,0.805442214012146,0.4857476055622101,-0.4329374432563782,0.9970791339874268,0.811460018157959,0.4861222505569458,-0.43316134810447693,0.9973387122154236,0.816683292388916,0.48688870668411255,-0.433175653219223,0.9972819089889526,0.7809942364692688,0.4867972135543823,-0.4894773066043854,0.9972124695777893,0.7685783505439758,0.48874717950820923,-0.48941516876220703,0.9976805448532104,0.7550257444381714,0.4908619523048401,-0.4898800253868103,0.997404158115387,0.8010883331298828,0.5074376463890076,-0.06437933444976807,0.99797123670578,0.7116091847419739,0.5163592100143433,-0.30831047892570496,0.9984955787658691,0.8154970407485962,0.5728771090507507,-0.36328205466270447,0.9980888962745667,0.7855072617530823,0.5773641467094421,-0.4334419369697571,0.9981080293655396,0.8661770820617676,0.7659146785736084,0.13717138767242432,0.9903528094291687,0.5961431264877319,0.7620925903320312,-0.33573704957962036,0.9846120476722717,0.9245009422302246,0.9371858239173889,-0.141806960105896,0.20776598155498505,0.6461591124534607,0.9944368004798889,-0.7205424904823303,0.5196970105171204,0.8220304250717163,0.9702228307723999,-0.6744160056114197,0.26284679770469666,0.7684263586997986,1.0124380588531494,-1.1442716121673584,0.29241079092025757,0.7933576703071594,0.9863394498825073,-0.7826786637306213,0.26826730370521545,0.8014124035835266,1.0453418493270874,-1.260499119758606,0.3020697832107544,0.7789888381958008,0.9451004862785339,-0.7632150053977966,0.3192720115184784,0.7844235301017761,0.9736505150794983,-1.2487363815307617,0.35961806774139404,0.77853924036026,0.9170999526977539,-0.6873478293418884,0.2914262115955353,0.7821004390716553,0.9514921307563782,-1.1486502885818481,0.30907559394836426,0.8595277070999146,1.2992008924484253,0.0879758894443512,0.01206565834581852,0.6722602248191833,1.3238142728805542,-0.08503849059343338,0.00892114732414484,0.8617874383926392,1.7370014190673828,0.03244978189468384,0.008686622604727745,0.6761612892150879,1.7638468742370605,-0.1445654332637787,0.006062427535653114,0.867220401763916,2.1401100158691406,0.3630269765853882,0.0012248631101101637,0.685092568397522,2.173151731491089,0.046359941363334656,0.0005389712750911713,0.8657767176628113,2.2008187770843506,0.3719314932823181,0.001183427986688912,0.6698771119117737,2.2407143115997314,0.04714101925492287,0.0008505928562954068,0.8821405172348022,2.2573018074035645,-0.005382421892136335,0.0020287856459617615,0.7423941493034363,2.277900457382202,-0.4006837010383606,0.0017570439958944917
2025-11-26 22:44:35.693,0.8070435523986816,0.5255159139633179,-0.5007011294364929,0.9957594275474548,0.8058573007583618,0.48552221059799194,-0.43192291259765625,0.9962177872657776,0.8117812871932983,0.48597806692123413,-0.4321291446685791,0.9965124726295471,0.8169220089912415,0.4867801070213318,-0.43217381834983826,0.9964989423751831,0.781495988368988,0.4863261580467224,-0.4893046021461487,0.996297299861908,0.768904983997345,0.4882163405418396,-0.4892333447933197,0.9969336986541748,0.7551266551017761,0.49019813537597656,-0.4897090792655945,0.9966553449630737,0.8006179928779602,0.507282018661499,-0.06511218845844269,0.9973108768463135,0.7117637991905212,0.5154352784156799,-0.3117808699607849,0.9981127977371216,0.8146613836288452,0.5721457004547119,-0.3621148467063904,0.9976367950439453,0.784742534160614,0.5767410397529602,-0.43308010697364807,0.9976346492767334,0.8670049905776978,0.7692220211029053,0.14685317873954773,0.9882593154907227,0.597547709941864,0.7620623111724854,-0.35427600145339966,0.9841784834861755,0.9268945455551147,0.9485613703727722,-0.10156919062137604,0.1580447554588318,0.6525783538818359,1.0054121017456055,-0.6991186141967773,0.4856928884983063,0.8315833806991577,1.0266919136047363,-0.6039702296257019,0.1641824096441269,0.7981305122375488,1.0508017539978027,-1.0634950399398804,0.23879851400852203,0.805995762348175,1.0518808364868164,-0.7088516354560852,0.17698787152767181,0.8353613018989563,1.0767862796783447,-1.174498438835144,0.2583736479282379,0.7906675934791565,1.0154531002044678,-0.6939961314201355,0.218571275472641,0.8280645608901978,1.0403183698654175,-1.1685125827789307,0.3159601390361786,0.7946972250938416,1.0128686428070068,-0.618836522102356,0.20304103195667267,0.8105646371841431,0.9609378576278687,-1.068481206893921,0.26997578144073486,0.8611239194869995,1.303057074546814,0.089667409658432,0.010862421244382858,0.674636960029602,1.3255274295806885,-0.08668573945760727,0.008351069875061512,0.8628010749816895,1.7441785335540771,0.02875281497836113,0.007215633522719145,0.678105890750885,1.7687718868255615,-0.14117366075515747,0.005078265909105539,0.8648184537887573,2.1479544639587402,0.3656584620475769,0.0010104798711836338,0.6835677027702332,2.179032564163208,0.055813003331422806,0.00043634852045215666,0.8632785081863403,2.2087161540985107,0.3750931918621063,0.0009947095531970263,0.6673605442047119,2.247676134109497,0.05733012408018112,0.0007474432932212949,0.8777881860733032,2.2651288509368896,-0.006168934516608715,0.001618209877051413,0.7395166158676147,2.283285617828369,-0.39307594299316406,0.0014444751432165504
2025-11-26 22:44:35.897,0.8053911328315735,0.5248171091079712,-0.5284553170204163,0.9971985816955566,0.8048499822616577,0.4847932457923889,-0.460679292678833,0.9973681569099426,0.8111036419868469,0.48518335819244385,-0.46086686849594116,0.9975304007530212,0.8166562914848328,0.4859815239906311,-0.4609307646751404,0.9974945783615112,0.7801219820976257,0.48557859659194946,-0.5170964598655701,0.9974679946899414,0.7674480676651001,0.48749858140945435,-0.5169745683670044,0.9978783130645752,0.7536192536354065,0.48949766159057617,-0.5174251198768616,0.9976874589920044,0.8028594851493835,0.5061501264572144,-0.09348473697900772,0.9979118704795837,0.7114991545677185,0.5144628882408142,-0.33647996187210083,0.9987279772758484,0.8145778775215149,0.5713016986846924,-0.39024069905281067,0.9984922409057617,0.7839367389678955,0.575958788394928,-0.45985332131385803,0.9986093044281006,0.8663605451583862,0.7650993466377258,0.13562914729118347,0.9910851120948792,0.5974635481834412,0.7644988894462585,-0.362101286649704,0.9898836016654968,0.9268289804458618,0.9466500878334045,-0.0542571134865284,0.14978371560573578,0.6501431465148926,1.0069584846496582,-0.6630567312240601,0.49636897444725037,0.8574966192245483,1.0657813549041748,-0.5583328604698181,0.11734456568956375,0.7801037430763245,1.1009242534637451,-1.0515401363372803,0.19586192071437836,0.8398594856262207,1.0994900465011597,-0.6647037267684937,0.13059918582439423,0.8125932812690735,1.142161250114441,-1.1662122011184692,0.22657686471939087,0.8235651254653931,1.0652515888214111,-0.6649203896522522,0.16532619297504425,0.8089922070503235,1.105075716972351,-1.1746304035186768,0.28303974866867065,0.8237214088439941,1.0583667755126953,-0.579428493976593,0.15859997272491455,0.796580970287323,1.0050183534622192,-1.062482237815857,0.24381576478481293,0.8625321388244629,1.2985011339187622,0.08660557866096497,0.010522168129682541,0.6763715744018555,1.322312593460083,-0.08357000350952148,0.008414886891841888,0.8660684823989868,1.7398898601531982,0.05360018461942673,0.00589738879352808,0.6829209327697754,1.7670695781707764,-0.11622615158557892,0.004378882236778736,0.8717654347419739,2.142683982849121,0.4120820462703705,0.0009508772054687142,0.6906335353851318,2.175502300262451,0.1011204943060875,0.00043200980871915817,0.8709942698478699,2.2025580406188965,0.42348513007164,0.0009615252492949367,0.6751328706741333,2.242241621017456,0.10493221133947372,0.0007955111796036363,0.8829568028450012,2.2630796432495117,0.043435949832201004,0.001439221785403788,0.7475655674934387,2.283400297164917,-0.3479922413825989,0.0012920702574774623
2025-11-26 22:44:36.109,0.8040673136711121,0.5251816511154175,-0.5282650589942932,0.9979743361473083,0.8043923377990723,0.48477813601493835,-0.459293931722641,0.9980942606925964,0.810894787311554,0.4853079915046692,-0.4594748616218567,0.9982376098632812,0.8166875839233398,0.4862262010574341,-0.4594992697238922,0.9981856942176819,0.77923583984375,0.4850893020629883,-0.5153369307518005,0.998136043548584,0.7664737105369568,0.48678356409072876,-0.5151929259300232,0.9984283447265625,0.7526935338973999,0.4886065721511841,-0.5156211256980896,0.9982435703277588,0.8044484257698059,0.5065643191337585,-0.08793950080871582,0.9985560774803162,0.7110454440116882,0.5134874582290649,-0.3295750319957733,0.9990518689155579,0.8139583468437195,0.571824848651886,-0.38887640833854675,0.9988588094711304,0.7828559279441833,0.5760985016822815,-0.4581930637359619,0.9989184141159058,0.868346095085144,0.7649106979370117,0.13455723226070404,0.9927839040756226,0.5960124135017395,0.7639575600624084,-0.3520529270172119,0.9901500940322876,0.9291017651557922,0.9491525292396545,-0.10908110439777374,0.1845632940530777,0.6480107307434082,1.0071957111358643,-0.6901633143424988,0.5151081681251526,0.8511532545089722,1.0295751094818115,-0.6551644206047058,0.1810334175825119,0.7766498327255249,1.0299443006515503,-1.114740252494812,0.2364674210548401,0.829476535320282,1.0537002086639404,-0.7662820816040039,0.18977299332618713,0.8070794939994812,1.1116615533828735,-1.2336890697479248,0.2607160806655884,0.7943997383117676,0.9496079683303833,-0.7575171589851379,0.23419693112373352,0.8029001951217651,1.0734447240829468,-1.2336429357528687,0.31972986459732056,0.7986680865287781,0.941653847694397,-0.6733580827713013,0.22179804742336273,0.7909882068634033,0.977773129940033,-1.123375415802002,0.2770371437072754,0.8631698489189148,1.3010146617889404,0.0861399695277214,0.011174168437719345,0.6754372119903564,1.3258451223373413,-0.08301219344139099,0.00869312509894371,0.8681055307388306,1.7428964376449585,0.0648055151104927,0.005827551707625389,0.6845487356185913,1.7703737020492554,-0.12019626796245575,0.004392584785819054,0.8749290704727173,2.143853187561035,0.4247192442417145,0.0008713424322195351,0.6931848526000977,2.177623748779297,0.09662381559610367,0.0003729532763827592,0.8745217323303223,2.202916145324707,0.43614864349365234,0.0009119357564486563,0.6779124736785889,2.2436232566833496,0.10040578991174698,0.000642717641312629,0.8863919377326965,2.266218662261963,0.05633613467216492,0.001331365667283535,0.7505115866661072,2.2877471446990967,-0.35364317893981934,0.0011587534099817276
2025-11-26 22:44:36.333,0.8045563697814941,0.5252489447593689,-0.558561384677887,0.9985488057136536,0.8041604161262512,0.4855358898639679,-0.4901936650276184,0.9985464215278625,0.8103855848312378,0.48608410358428955,-0.4903995394706726,0.9986942410469055,0.8159616589546204,0.48691225051879883,-0.4904795289039612,0.9985834360122681,0.7799103856086731,0.48566287755966187,-0.5457941293716431,0.9986220598220825,0.7675395011901855,0.487179160118103,-0.5456636548042297,0.9988928437232971,0.7539387345314026,0.4888814091682434,-0.5460880398750305,0.9987278580665588,0.802592396736145,0.5070624351501465,-0.1235344409942627,0.9987825751304626,0.712444543838501,0.5138533115386963,-0.36341044306755066,0.9993044137954712,0.8137847781181335,0.5715073943138123,-0.4209652543067932,0.9991438388824463,0.7833976745605469,0.5755058526992798,-0.48948758840560913,0.9992365837097168,0.8672444224357605,0.764064371585846,0.12061955779790878,0.993829071521759,0.599274754524231,0.7643925547599792,-0.38098347187042236,0.9940357208251953,0.9290741086006165,0.9472424387931824,-0.0021572504192590714,0.10740320384502411,0.6508411169052124,1.003718376159668,-0.6324865221977234,0.44870057702064514,0.880225658416748,1.1318631172180176,-0.4835895001888275,0.0565798319876194,0.7490400075912476,1.196280837059021,-1.0545008182525635,0.14083853363990784,0.871990978717804,1.1875866651535034,-0.5852636694908142,0.07537007331848145,0.7693988084793091,1.2595715522766113,-1.180155873298645,0.17645151913166046,0.8527023196220398,1.1625134944915771,-0.6145824790000916,0.10431219637393951,0.7780120968818665,1.2327449321746826,-1.2005289793014526,0.23351572453975677,0.8495790362358093,1.1452609300613403,-0.5157274007797241,0.09750083833932877,0.7720516920089722,1.2068417072296143,-1.072217345237732,0.19734862446784973,0.8595651388168335,1.301784873008728,0.08857478946447372,0.008562405593693256,0.6754210591316223,1.3243768215179443,-0.08542061597108841,0.007341652177274227,0.8634973764419556,1.7416542768478394,0.03641136735677719,0.006537970155477524,0.6834880113601685,1.7660819292068481,-0.1433049589395523,0.004380146507173777,0.8689554333686829,2.142841339111328,0.39275991916656494,0.0011400100775063038,0.68848717212677,2.1739397048950195,0.07278503477573395,0.0005174578982405365,0.8674837350845337,2.204402446746826,0.40316638350486755,0.0010307058691978455,0.6727902889251709,2.2429144382476807,0.07524555176496506,0.0008673116681165993,0.8817175626754761,2.2627153396606445,0.022339828312397003,0.001835267641581595,0.7456508278846741,2.2815537452697754,-0.37703490257263184,0.0015323011903092265
2025-11-26 22:44:36.554,0.8050548434257507,0.5223341584205627,-0.5997439026832581,0.9990787506103516,0.8049151301383972,0.4825952649116516,-0.5262576341629028,0.9990660548210144,0.811224102973938,0.4831429123878479,-0.5264207124710083,0.9992421865463257,0.8168472051620483,0.48419779539108276,-0.5265264511108398,0.9991177916526794,0.7801113724708557,0.4828484356403351,-0.5789554119110107,0.9989935755729675,0.767436146736145,0.48461559414863586,-0.5788246393203735,0.9992528557777405,0.7534605860710144,0.48663413524627686,-0.5792495608329773,0.9990301132202148,0.8042441606521606,0.5055167078971863,-0.1436612457036972,0.9992886781692505,0.7115693688392639,0.5127679705619812,-0.3707592785358429,0.9995145797729492,0.8144839406013489,0.5695093274116516,-0.45763224363327026,0.9994263648986816,0.7823602557182312,0.5741163492202759,-0.5224810838699341,0.9994295239448547,0.8720892071723938,0.7669556736946106,0.0935199111700058,0.9948368072509766,0.5983394980430603,0.7634270191192627,-0.402832567691803,0.9932956099510193,0.9310227632522583,0.9622408151626587,0.017814990133047104,0.09603621065616608,0.6490186452865601,1.0047221183776855,-0.6766955852508545,0.40303289890289307,0.8934148550033569,1.200618028640747,-0.3937729001045227,0.03325501084327698,0.7697259783744812,1.1261390447616577,-1.0892421007156372,0.11994544416666031,0.8931272625923157,1.2677174806594849,-0.48685532808303833,0.046602699905633926,0.7995448112487793,1.1712945699691772,-1.2147672176361084,0.15184181928634644,0.8704710006713867,1.2525664567947388,-0.5268599390983582,0.06802620738744736,0.7998515367507935,1.142583966255188,-1.2302868366241455,0.20654994249343872,0.8647624254226685,1.227246880531311,-0.42898935079574585,0.06661316007375717,0.7936083674430847,1.003831386566162,-1.105049967765808,0.17341363430023193,0.8647392392158508,1.3052916526794434,0.08184633404016495,0.007577976677566767,0.6750272512435913,1.3264251947402954,-0.07865016907453537,0.006280190777033567,0.8646562695503235,1.7503745555877686,0.05605267360806465,0.00542810931801796,0.6816199421882629,1.7765690088272095,-0.10158853232860565,0.0027309423312544823,0.867294430732727,2.15622615814209,0.45387548208236694,0.0010852287523448467,0.6864904165267944,2.1892101764678955,0.15244443714618683,0.00034825067268684506,0.8666428327560425,2.2203369140625,0.46815913915634155,0.0008690219838172197,0.6715141534805298,2.2603561878204346,0.1581750512123108,0.0005594639806076884,0.8760448694229126,2.2750096321105957,0.07249671965837479,0.0013842500047758222,0.7414526343345642,2.294759511947632,-0.31173524260520935,0.000920334248803556
2025-11-26 22:44:36.763,0.8045222163200378,0.522260844707489,-0.6638758778572083,0.9991858601570129,0.8053499460220337,0.48164111375808716,-0.5891463756561279,0.9991218447685242,0.812057375907898,0.48213881254196167,-0.5893315076828003,0.9993299245834351,0.8181034326553345,0.48327451944351196,-0.5894169807434082,0.9991600513458252,0.7795883417129517,0.482308566570282,-0.6368858218193054,0.9990233182907104,0.7667642831802368,0.48423510789871216,-0.636745274066925,0.9993007183074951,0.7529776096343994,0.4863414168357849,-0.6371898651123047,0.9990395903587341,0.8073727488517761,0.5058490037918091,-0.1960800737142563,0.9993426203727722,0.7116720676422119,0.5127444863319397,-0.40280041098594666,0.9995226860046387,0.8147756457328796,0.5693395137786865,-0.5187984108924866,0.9994885921478271,0.7816665768623352,0.5743727087974548,-0.5777962803840637,0.999477207660675,0.8795806765556335,0.7722952365875244,0.036262206733226776,0.9950668811798096,0.5953903198242188,0.7670586705207825,-0.4003954529762268,0.9932065010070801,0.9256061315536499,0.977026641368866,-0.043754950165748596,0.10626690834760666,0.6382597088813782,1.0120660066604614,-0.6830893158912659,0.4035766124725342,0.8893126249313354,1.2104970216751099,-0.4772278368473053,0.03656121343374252,0.7457377910614014,1.0962615013122559,-1.167729377746582,0.15199525654315948,0.8884416818618774,1.276584267616272,-0.5756673216819763,0.05227738991379738,0.7741087079048157,1.1332942247390747,-1.3034193515777588,0.18698175251483917,0.8674949407577515,1.2600674629211426,-0.6188879609107971,0.07659200578927994,0.7744666337966919,1.1006500720977783,-1.3176705837249756,0.24920792877674103,0.8613910675048828,1.2339015007019043,-0.5135844945907593,0.0745181143283844,0.7732424139976501,0.9819784164428711,-1.18527090549469,0.2102939933538437,0.861640453338623,1.3107097148895264,0.06285227835178375,0.006194293033331633,0.6650501489639282,1.3295636177062988,-0.05954248458147049,0.005077027715742588,0.8544080853462219,1.7558693885803223,0.07560625672340393,0.0043039810843765736,0.6659849882125854,1.776668906211853,-0.06589295715093613,0.0018529834924265742,0.8525686264038086,2.1593148708343506,0.505892813205719,0.0008696126751601696,0.6685601472854614,2.1857151985168457,0.22513368725776672,0.00021394425129983574,0.852472186088562,2.2233645915985107,0.5228636264801025,0.0006890360382385552,0.6541637778282166,2.2564125061035156,0.23465010523796082,0.0003630094579420984,0.8548728823661804,2.2782657146453857,0.11334790289402008,0.0009612605790607631,0.7222336530685425,2.2920727729797363,-0.2481909692287445,0.0006023807800374925
2025-11-26 22:44:36.990,0.8062518239021301,0.5268434286117554,-0.6336715817451477,0.9991781115531921,0.8063756823539734,0.48575276136398315,-0.5606772899627686,0.9992144107818604,0.8129357099533081,0.4862731695175171,-0.5609170198440552,0.9993591904640198,0.818791389465332,0.4872085452079773,-0.5610034465789795,0.9992393255233765,0.781084418296814,0.4865124523639679,-0.6133949160575867,0.9991512298583984,0.7685482501983643,0.48845118284225464,-0.6132780313491821,0.9993520379066467,0.7551231384277344,0.4906401038169861,-0.6136705279350281,0.9991722106933594,0.8063000440597534,0.5076978206634521,-0.16763879358768463,0.999415397644043,0.7136441469192505,0.5160769820213318,-0.3975249230861664,0.9996016621589661,0.8155821561813354,0.5736661553382874,-0.48678818345069885,0.9995213747024536,0.7841367125511169,0.5785585045814514,-0.5524357557296753,0.9995439648628235,0.8771144151687622,0.768291711807251,0.07754470407962799,0.9948086738586426,0.5959746837615967,0.7669957876205444,-0.38203734159469604,0.9929571151733398,0.9274465441703796,0.9644403457641602,-0.04622393846511841,0.1030404195189476,0.646718442440033,1.0147544145584106,-0.6689035892486572,0.4587758481502533,0.8785246014595032,1.1547679901123047,-0.5620065331459045,0.0663326159119606,0.7409932017326355,1.107066035270691,-1.1661124229431152,0.1964779794216156,0.8732460737228394,1.2095694541931152,-0.6730950474739075,0.09343085438013077,0.7661449313163757,1.1480485200881958,-1.3038438558578491,0.23784369230270386,0.8549641370773315,1.1845706701278687,-0.7117756605148315,0.13062343001365662,0.7733237743377686,1.014096736907959,-1.3200985193252563,0.3096143901348114,0.8496478796005249,1.16504967212677,-0.5985382795333862,0.12341807037591934,0.7740868926048279,1.0004301071166992,-1.1841633319854736,0.2592712640762329,0.862873911857605,1.306745171546936,0.07750663161277771,0.011263125576078892,0.6743649244308472,1.3280119895935059,-0.07433785498142242,0.009038519114255905,0.8593814969062805,1.7444796562194824,0.05388317629694939,0.009366353042423725,0.6770850419998169,1.7677381038665771,-0.12853117287158966,0.004872528836131096,0.8607912063598633,2.1446304321289062,0.4358974099159241,0.0018418526742607355,0.6788557171821594,2.177665948867798,0.11259497702121735,0.0005625466001220047,0.8593694567680359,2.2075445652008057,0.44884949922561646,0.0017963149584829807,0.6636812090873718,2.247743844985962,0.11718524992465973,0.0008970191702246666,0.8703960180282593,2.2638649940490723,0.05439680814743042,0.002177342539653182,0.7340686917304993,2.285564422607422,-0.3535822629928589,0.0015809527831152081
2025-11-26 22:44:37.190,0.8040636777877808,0.5263945460319519,-0.6407519578933716,0.9991804957389832,0.8053574562072754,0.4850619435310364,-0.5678437948226929,0.9991899132728577,0.8124029040336609,0.4855334460735321,-0.5681064128875732,0.9993143081665039,0.8187165260314941,0.4864910840988159,-0.5681931972503662,0.9991874098777771,0.778667151927948,0.4859013557434082,-0.6170465350151062,0.9991683959960938,0.7659280896186829,0.48792803287506104,-0.6169434189796448,0.9993638396263123,0.7524557709693909,0.4900777041912079,-0.6173568367958069,0.9992269277572632,0.8082400560379028,0.5074780583381653,-0.1775156706571579,0.9993196725845337,0.7129095792770386,0.5158295035362244,-0.39154431223869324,0.9996029734611511,0.8146860003471375,0.5740358829498291,-0.4951183795928955,0.9995038509368896,0.7818950414657593,0.5783373117446899,-0.5561233162879944,0.9995571970939636,0.8767267465591431,0.7664268612861633,0.06804483383893967,0.9939613342285156,0.5978559255599976,0.770321249961853,-0.37570562958717346,0.9936745166778564,0.9245539903640747,0.9662020206451416,-0.044400401413440704,0.0884135514497757,0.6468749046325684,1.015782356262207,-0.6405730843544006,0.4548923969268799,0.8854246139526367,1.1939038038253784,-0.5380398035049438,0.04236048832535744,0.7299174070358276,1.1654318571090698,-1.1307635307312012,0.1730094999074936,0.8831645846366882,1.2591437101364136,-0.6454471349716187,0.06589967012405396,0.7479975819587708,1.2163783311843872,-1.2694708108901978,0.216449573636055,0.8639222979545593,1.2408312559127808,-0.6921742558479309,0.09532102942466736,0.7539346218109131,1.1869301795959473,-1.2910878658294678,0.2898538112640381,0.8576006889343262,1.2176231145858765,-0.5771544575691223,0.089057058095932,0.7561524510383606,1.032515287399292,-1.1513769626617432,0.24112141132354736,0.8666660189628601,1.3147438764572144,0.07664274424314499,0.01236805971711874,0.6791693568229675,1.3355125188827515,-0.07347708195447922,0.010770749300718307,0.8644331693649292,1.7540569305419922,0.03174906224012375,0.01210697740316391,0.6835795640945435,1.7770863771438599,-0.15036705136299133,0.0055253407917916775,0.8679044842720032,2.152510166168213,0.3993949294090271,0.0023371619172394276,0.6869887709617615,2.18510365486145,0.0749983862042427,0.0007063564262352884,0.8675183057785034,2.215867042541504,0.4106901288032532,0.002127779880538583,0.6724062561988831,2.255732536315918,0.07843128591775894,0.0011646825587376952,0.8743964433670044,2.2736215591430664,0.018831804394721985,0.002423471538349986,0.7406425476074219,2.294199228286743,-0.386138916015625,0.001981121953576803
2025-11-26 22:44:37.437,0.8057023882865906,0.5261461138725281,-0.651827871799469,0.9992401599884033,0.806352972984314,0.4842168688774109,-0.5790004134178162,0.9992954730987549,0.8131104707717896,0.48458242416381836,-0.5792564749717712,0.9993857145309448,0.8191221952438354,0.48547428846359253,-0.579317033290863,0.9992784857749939,0.7801215052604675,0.48534440994262695,-0.6293442249298096,0.9992910623550415,0.7673612236976624,0.48747628927230835,-0.6292486190795898,0.9994426369667053,0.7538744807243347,0.4898189306259155,-0.6296479105949402,0.9993405938148499,0.8074333071708679,0.507050633430481,-0.18381543457508087,0.999441921710968,0.7139025926589966,0.51596599817276,-0.40464383363723755,0.999690055847168,0.8157707452774048,0.5740135908126831,-0.503752589225769,0.9995706677436829,0.783583402633667,0.5783359408378601,-0.5668383836746216,0.9996418952941895,0.8777205348014832,0.7669090032577515,0.06944059580564499,0.9937498569488525,0.5957118272781372,0.7710989713668823,-0.3820844292640686,0.9940265417098999,0.9289256930351257,0.9679113030433655,-0.048780955374240875,0.08590395003557205,0.643348217010498,1.0135340690612793,-0.6818748116493225,0.4682508409023285,0.8920739889144897,1.1753946542739868,-0.5539140105247498,0.05324466899037361,0.7263407707214355,1.1225756406784058,-1.205430507659912,0.23715607821941376,0.8894374966621399,1.2352763414382935,-0.6626511216163635,0.08397561311721802,0.7471078634262085,1.1655256748199463,-1.3499785661697388,0.28851038217544556,0.8721957206726074,1.212353229522705,-0.7088991403579712,0.11766348034143448,0.7538760900497437,1.0148167610168457,-1.3654364347457886,0.36829039454460144,0.8652936816215515,1.1917836666107178,-0.5932596921920776,0.11122333258390427,0.7560238242149353,1.0011192560195923,-1.2247365713119507,0.30938461422920227,0.864434540271759,1.3126602172851562,0.08215552568435669,0.01375681720674038,0.677184522151947,1.335076928138733,-0.07900435477495193,0.012611819431185722,0.8650630712509155,1.749137043952942,0.04377227649092674,0.013022316619753838,0.6869673132896423,1.7710314989089966,-0.19641247391700745,0.00725163659080863,0.8703550100326538,2.1475296020507812,0.40668994188308716,0.0023312733974307775,0.689827024936676,2.182502269744873,0.029123693704605103,0.0008513559005223215,0.8685857057571411,2.2106683254241943,0.41713085770606995,0.0022305110469460487,0.6746256947517395,2.253598928451538,0.03292177617549896,0.0011960160918533802,0.8823530077934265,2.269557237625122,0.02410183660686016,0.00264586228877306,0.7453893423080444,2.2911300659179688,-0.44026556611061096,0.0024918208364397287
2025-11-26 22:44:37.645,0.8043071031570435,0.5253902673721313,-0.6382717490196228,0.9991744160652161,0.8051435351371765,0.484153687953949,-0.5658906698226929,0.9992364645004272,0.8120325803756714,0.4844541549682617,-0.5661506056785583,0.9993470311164856,0.8182553052902222,0.4853515625,-0.5662277340888977,0.9992565512657166,0.7789300084114075,0.48513534665107727,-0.6155698895454407,0.9991877675056458,0.7662854194641113,0.48723870515823364,-0.6154622435569763,0.9993534684181213,0.7529679536819458,0.48950034379959106,-0.6158528327941895,0.9992208480834961,0.8073847889900208,0.5069004893302917,-0.17399762570858002,0.9994221925735474,0.7134588956832886,0.5154514312744141,-0.39073446393013,0.9996143579483032,0.8147590756416321,0.5728476047515869,-0.49162521958351135,0.9995618462562561,0.7823733687400818,0.5770301222801208,-0.5535414814949036,0.9995946288108826,0.8774353265762329,0.7668933272361755,0.0749998539686203,0.9946315288543701,0.5973360538482666,0.7653549909591675,-0.3682442605495453,0.9932373762130737,0.9290792346000671,0.9699129462242126,-0.05630837753415108,0.11259910464286804,0.6441670656204224,1.011405348777771,-0.6559125185012817,0.4597840905189514,0.8917092084884644,1.1622751951217651,-0.5719276666641235,0.07199279218912125,0.7288973331451416,1.1214245557785034,-1.1776385307312012,0.21187758445739746,0.8867157697677612,1.2183233499526978,-0.683228075504303,0.10592726618051529,0.7502195239067078,1.1661185026168823,-1.3200618028640747,0.26215851306915283,0.869158148765564,1.1926681995391846,-0.7239384055137634,0.14793549478054047,0.7536382079124451,1.1307154893875122,-1.3373994827270508,0.33923470973968506,0.8633447885513306,1.173973798751831,-0.608847975730896,0.135580375790596,0.7579902410507202,1.0057977437973022,-1.1973580121994019,0.282416969537735,0.8631671071052551,1.3054356575012207,0.07896868139505386,0.012792626395821571,0.6763384342193604,1.3277298212051392,-0.0758415162563324,0.01113081630319357,0.863808810710907,1.7414971590042114,0.04474075138568878,0.013345173560082912,0.6844725608825684,1.7632980346679688,-0.1729929894208908,0.007639979012310505,0.8695904612541199,2.1391074657440186,0.40921100974082947,0.002538887085393071,0.6888585686683655,2.1724843978881836,0.055011920630931854,0.0009220588835887611,0.8681667447090149,2.2018442153930664,0.4199461042881012,0.0022818183060735464,0.6736149191856384,2.242831230163574,0.059011925011873245,0.0013564263936132193,0.8815151453018188,2.258798837661743,0.027856994420289993,0.0027450532652437687,0.7457627058029175,2.279946804046631,-0.4101490378379822,0.0025973236188292503
2025-11-26 22:44:37.866,0.8069732785224915,0.5278120040893555,-0.6589362621307373,0.9989808201789856,0.807177722454071,0.48654788732528687,-0.5864198803901672,0.9989750385284424,0.8138564229011536,0.4870333671569824,-0.5866764783859253,0.9991495609283447,0.8197575807571411,0.4878599941730499,-0.5867653489112854,0.9989752769470215,0.7813155651092529,0.48742979764938354,-0.6356692910194397,0.9989569187164307,0.7684987187385559,0.4894097149372101,-0.6355878114700317,0.999214768409729,0.7550145983695984,0.4916226267814636,-0.6360240578651428,0.9990260601043701,0.8073241114616394,0.5089576840400696,-0.19778470695018768,0.9992073178291321,0.7150588631629944,0.5170152187347412,-0.4117952287197113,0.9995244741439819,0.8165369033813477,0.5750661492347717,-0.5136668682098389,0.9994109869003296,0.7846124172210693,0.5794845819473267,-0.574704647064209,0.9994951486587524,0.8790173530578613,0.7697805762290955,0.05464354157447815,0.9936762452125549,0.599122166633606,0.7690907716751099,-0.38977065682411194,0.9930794835090637,0.9286843538284302,0.972136914730072,-0.011916904710233212,0.08442793041467667,0.6471346020698547,1.0129914283752441,-0.648163914680481,0.4137806296348572,0.9083582162857056,1.2107760906219482,-0.46286946535110474,0.036601435393095016,0.7316491007804871,1.1596012115478516,-1.144496202468872,0.14839650690555573,0.9102686643600464,1.2793887853622437,-0.5654930472373962,0.055636435747146606,0.7527614235877991,1.210339069366455,-1.2829711437225342,0.18815909326076508,0.8895081281661987,1.2626415491104126,-0.6169556975364685,0.08059181272983551,0.7577658891677856,1.1792532205581665,-1.308075189590454,0.25470826029777527,0.8816509246826172,1.2373839616775513,-0.5031419396400452,0.07669871300458908,0.756976842880249,1.037527084350586,-1.1667726039886475,0.21106168627738953,0.8680273294448853,1.3118771314620972,0.07582966983318329,0.01010134257376194,0.6788732409477234,1.3335528373718262,-0.07267309725284576,0.008853407576680183,0.8696993589401245,1.7505278587341309,0.01908683218061924,0.008556639775633812,0.6891032457351685,1.771607756614685,-0.1594492495059967,0.0038676545955240726,0.874191403388977,2.1516764163970947,0.39205628633499146,0.0016509112901985645,0.6918759942054749,2.18251371383667,0.07718733698129654,0.0005184438196010888,0.8731139898300171,2.2162437438964844,0.40324369072914124,0.0014168708585202694,0.676385223865509,2.2561562061309814,0.08131391555070877,0.0008453875780105591,0.8836081624031067,2.2695412635803223,0.0024324478581547737,0.001999721396714449,0.7481966018676758,2.2844555377960205,-0.3918018639087677,0.0016335765831172466
2025-11-26 22:44:38.094,0.8083838224411011,0.524919331073761,-0.6635880470275879,0.9993064403533936,0.8087165951728821,0.4838622808456421,-0.589006245136261,0.999305248260498,0.8151466250419617,0.4842648506164551,-0.5892424583435059,0.9994231462478638,0.8208767771720886,0.4851585626602173,-0.5893328785896301,0.9992896318435669,0.7827924489974976,0.48459434509277344,-0.6383047699928284,0.9992827773094177,0.7701531052589417,0.4863380789756775,-0.6382231712341309,0.9994712471961975,0.756537914276123,0.48839807510375977,-0.6386460661888123,0.9993298053741455,0.8087990880012512,0.5076985359191895,-0.19388166069984436,0.9994397759437561,0.7162986993789673,0.515397846698761,-0.4087789058685303,0.999675989151001,0.8184868097305298,0.5712801218032837,-0.516377866268158,0.9995706677436829,0.7861592769622803,0.5752614736557007,-0.5777525305747986,0.999620795249939,0.87932288646698,0.7707696557044983,0.05632847547531128,0.9931308627128601,0.5992045402526855,0.7676888108253479,-0.4037732183933258,0.9935996532440186,0.9213880300521851,0.9730505347251892,0.004813202656805515,0.0632447898387909,0.6466522812843323,1.0113955736160278,-0.6881921887397766,0.4247991740703583,0.9079645276069641,1.2488566637039185,-0.4173477292060852,0.025527501478791237,0.7312373518943787,1.1283129453659058,-1.195635199546814,0.1717638224363327,0.9131828546524048,1.3268206119537354,-0.5134541988372803,0.04369962960481644,0.7530204653739929,1.172767162322998,-1.3381823301315308,0.21800227463245392,0.8915334939956665,1.3149586915969849,-0.5732450485229492,0.06518344581127167,0.7575669884681702,1.1413551568984985,-1.3578577041625977,0.2943950295448303,0.8825510740280151,1.2848461866378784,-0.4606083333492279,0.06317563354969025,0.7525438070297241,1.005638599395752,-1.2162984609603882,0.24195323884487152,0.8686012029647827,1.3141956329345703,0.076250821352005,0.010241967625916004,0.6788516640663147,1.3341758251190186,-0.07316301017999649,0.009211149998009205,0.8687097430229187,1.7548232078552246,0.030250435695052147,0.009416605345904827,0.6884554624557495,1.7756413221359253,-0.14455701410770416,0.003971965983510017,0.8731533288955688,2.1569135189056396,0.4202802777290344,0.0017604352906346321,0.6909633874893188,2.187310218811035,0.10491526126861572,0.0005159436259418726,0.8721818923950195,2.221303701400757,0.43320029973983765,0.001361783710308373,0.6763575077056885,2.2603673934936523,0.11063814163208008,0.00079287716653198,0.8798388242721558,2.276655673980713,0.02960377372801304,0.001849888707511127,0.7432500123977661,2.291426658630371,-0.3652392029762268,0.0014825164107605815
2025-11-26 22:44:38.302,0.8078254461288452,0.5255223512649536,-0.6584174036979675,0.9993593096733093,0.8083675503730774,0.48493391275405884,-0.5838181376457214,0.999347984790802,0.8150361776351929,0.4854198694229126,-0.584029495716095,0.9994736313819885,0.8209747076034546,0.48634225130081177,-0.5841325521469116,0.9993320107460022,0.7822572588920593,0.4856632351875305,-0.6329659223556519,0.9993252754211426,0.7696689963340759,0.48753994703292847,-0.6328791975975037,0.999521017074585,0.756325900554657,0.4896990656852722,-0.6332934498786926,0.9993778467178345,0.8098964691162109,0.5086215138435364,-0.19118785858154297,0.9994742274284363,0.7169894576072693,0.5165095329284668,-0.40502244234085083,0.9997031092643738,0.8184036016464233,0.572145402431488,-0.5124850869178772,0.9995834231376648,0.7858893871307373,0.5759751200675964,-0.5735054016113281,0.9996315240859985,0.8805449604988098,0.7727798819541931,0.058857787400484085,0.9934272766113281,0.599720299243927,0.768696665763855,-0.40852347016334534,0.9945909976959229,0.9210902452468872,0.9780835509300232,0.02150554396212101,0.06119062379002571,0.6462836265563965,1.013031244277954,-0.6912088990211487,0.42797356843948364,0.9077639579772949,1.262980341911316,-0.3765564560890198,0.020195918157696724,0.730474054813385,1.1377815008163452,-1.187968134880066,0.150871142745018,0.9142438173294067,1.3420721292495728,-0.4665626585483551,0.03441445156931877,0.7512519359588623,1.1831114292144775,-1.329085350036621,0.1901174783706665,0.8930603265762329,1.3331056833267212,-0.5280659198760986,0.05194549262523651,0.7566558122634888,1.1541081666946411,-1.3488584756851196,0.2599745988845825,0.8837308883666992,1.3019765615463257,-0.4200959801673889,0.050885554403066635,0.7532195448875427,1.0367778539657593,-1.2085301876068115,0.2134052813053131,0.8671263456344604,1.3172516822814941,0.07649841904640198,0.010422020219266415,0.6768736243247986,1.3347259759902954,-0.07341686636209488,0.009512964636087418,0.8659696578979492,1.7585917711257935,0.029830116778612137,0.008092657662928104,0.6865003705024719,1.7774040699005127,-0.14665710926055908,0.0034433177206665277,0.8686102032661438,2.1625916957855225,0.4231148362159729,0.001621913630515337,0.6866375207901001,2.1921560764312744,0.10483445972204208,0.0004723613674286753,0.8673959970474243,2.227017879486084,0.43636399507522583,0.0012582701165229082,0.6721208691596985,2.265779733657837,0.11044837534427643,0.0007402219926007092,0.8740237951278687,2.283754587173462,0.030592799186706543,0.0017792205326259136,0.7364403009414673,2.2974693775177,-0.3691563308238983,0.001331288949586451
2025-11-26 22:44:38.523,0.8068650364875793,0.5281467437744141,-0.6640097498893738,0.9995180368423462,0.8078603744506836,0.48620307445526123,-0.5876865386962891,0.9995262622833252,0.8148844838142395,0.4866294860839844,-0.5878893136978149,0.9996119141578674,0.8211089968681335,0.4874383807182312,-0.5879952907562256,0.9995142221450806,0.7806203961372375,0.4872075915336609,-0.6363090872764587,0.9994891881942749,0.7676975727081299,0.48926883935928345,-0.6362422108650208,0.9996321201324463,0.7543503046035767,0.4915692210197449,-0.636624813079834,0.9995180368423462,0.8107897043228149,0.5090803503990173,-0.18671844899654388,0.9996023774147034,0.7152805924415588,0.5181937217712402,-0.3996742367744446,0.9997668862342834,0.817994236946106,0.5753604173660278,-0.5156505703926086,0.9996684789657593,0.7848379611968994,0.5800190567970276,-0.5763945579528809,0.9996904134750366,0.8804248571395874,0.7752832770347595,0.060640834271907806,0.9940511584281921,0.599858283996582,0.7687072157859802,-0.4041157364845276,0.9942744374275208,0.9209475517272949,0.979939877986908,0.014316914603114128,0.06906185299158096,0.6399362087249756,1.0145092010498047,-0.7122329473495483,0.4499101936817169,0.9121370315551758,1.261214017868042,-0.3927452564239502,0.026477627456188202,0.7547561526298523,1.0394827127456665,-1.2226214408874512,0.22964870929718018,0.9186698198318481,1.3383681774139404,-0.48121410608291626,0.04538104683160782,0.7542304396629333,1.108803391456604,-1.3620336055755615,0.27523982524871826,0.8975303769111633,1.3274668455123901,-0.539406955242157,0.06782782077789307,0.7540802359580994,1.0749149322509766,-1.3738970756530762,0.3580990731716156,0.8877838253974915,1.2970068454742432,-0.4346305727958679,0.06694090366363525,0.753929615020752,0.9811463952064514,-1.239646315574646,0.29904210567474365,0.8656503558158875,1.3191795349121094,0.07481938600540161,0.010211916640400887,0.6749745607376099,1.33599853515625,-0.07188244163990021,0.008892292156815529,0.861005425453186,1.7645225524902344,0.04908143728971481,0.008190369233489037,0.6806746125221252,1.7840325832366943,-0.11347886174917221,0.003497151657938957,0.8601771593093872,2.1686384677886963,0.4569071829319,0.0017639424186199903,0.6793119311332703,2.1983392238616943,0.14792640507221222,0.0004446773964446038,0.8588624000549316,2.2326583862304688,0.4719858765602112,0.0013552906457334757,0.664093017578125,2.2697291374206543,0.15459901094436646,0.0006490168161690235,0.8659350275993347,2.287886619567871,0.07089744508266449,0.0016721205320209265,0.7289974689483643,2.305422306060791,-0.32424935698509216,0.0011336413444951177
2025-11-26 22:44:38.729,0.8055503964424133,0.5292946100234985,-0.6505113244056702,0.9993977546691895,0.806452751159668,0.48747003078460693,-0.5768628120422363,0.9993693232536316,0.8135669827461243,0.48796290159225464,-0.5770862102508545,0.9994804263114929,0.819871723651886,0.48884761333465576,-0.5772080421447754,0.999342143535614,0.7791649103164673,0.4885304272174835,-0.624392569065094,0.9993568062782288,0.7663059830665588,0.49064260721206665,-0.6242976784706116,0.9995417594909668,0.753092885017395,0.4928603768348694,-0.6247012615203857,0.9994149208068848,0.8099163770675659,0.5102666616439819,-0.18843543529510498,0.9994335770606995,0.7145906090736389,0.5185824632644653,-0.39544227719306946,0.9996954202651978,0.816539466381073,0.5770689845085144,-0.5061877965927124,0.999566376209259,0.7835662364959717,0.5819412469863892,-0.5651054978370667,0.9996277093887329,0.8794853091239929,0.775860071182251,0.06162390857934952,0.9932356476783752,0.598996639251709,0.7690922021865845,-0.3952319920063019,0.9945630431175232,0.9202626943588257,0.9763540625572205,0.029134679585695267,0.06418883055448532,0.6299569606781006,1.0899540185928345,-0.6681197285652161,0.40363675355911255,0.9105337262153625,1.2612348794937134,-0.36843597888946533,0.017681431025266647,0.7062884569168091,1.1686230897903442,-1.1766420602798462,0.1392061412334442,0.9183217287063599,1.3416321277618408,-0.4560619294643402,0.03058832883834839,0.719269335269928,1.2186729907989502,-1.3178274631500244,0.18129700422286987,0.8975647687911987,1.334910273551941,-0.5207563042640686,0.04647675156593323,0.7273730635643005,1.1949020624160767,-1.3407248258590698,0.24831214547157288,0.8878766894340515,1.303406000137329,-0.41275516152381897,0.04491809755563736,0.7324806451797485,1.0371837615966797,-1.1987930536270142,0.20298708975315094,0.8612289428710938,1.3195245265960693,0.0770750343799591,0.0119177782908082,0.672216534614563,1.3338366746902466,-0.07404699176549911,0.010654832236468792,0.8564087152481079,1.7615509033203125,0.04270336776971817,0.011604168452322483,0.6774563789367676,1.7791552543640137,-0.13320262730121613,0.004808721132576466,0.8560720682144165,2.163846492767334,0.43618759512901306,0.0022998028434813023,0.6737313866615295,2.191901683807373,0.11635198444128036,0.0007081604562699795,0.8544477224349976,2.2284815311431885,0.4497971534729004,0.0017304206266999245,0.6584713459014893,2.264418125152588,0.12194405496120453,0.0010639927349984646,0.8609316945075989,2.2866663932800293,0.05531998723745346,0.002285662340000272,0.7233617305755615,2.301036834716797,-0.34806200861930847,0.0016900016926229
2025-11-26 22:44:38.954,0.8046261668205261,0.5286100506782532,-0.6508354544639587,0.9992671608924866,0.8048413395881653,0.4859244227409363,-0.5818091034889221,0.9990969896316528,0.8116930723190308,0.4860895276069641,-0.5820532441139221,0.9992621541023254,0.8177331686019897,0.48683997988700867,-0.5822024345397949,0.9990341663360596,0.778277575969696,0.4874195456504822,-0.6279524564743042,0.9991483688354492,0.7657280564308167,0.48964738845825195,-0.6278806328773499,0.9994105100631714,0.7527068853378296,0.49195927381515503,-0.6283138990402222,0.999234676361084,0.80701744556427,0.5089995861053467,-0.21166963875293732,0.9990966320037842,0.7139135599136353,0.5182764530181885,-0.4102986454963684,0.9995848536491394,0.8155851364135742,0.5761387348175049,-0.5131722092628479,0.9994972944259644,0.7831934094429016,0.5808849334716797,-0.5695236921310425,0.9996042847633362,0.8816025853157043,0.7731371521949768,0.033199600875377655,0.9947315454483032,0.5984088182449341,0.7726589441299438,-0.39375239610671997,0.9963706731796265,0.9230116009712219,0.9733952283859253,0.023975078016519547,0.08140499144792557,0.6278402805328369,1.1139127016067505,-0.6009385585784912,0.41858336329460144,0.9160692095756531,1.2452682256698608,-0.372947096824646,0.01567431353032589,0.6934079527854919,1.2451955080032349,-1.0806407928466797,0.11228711158037186,0.9241153597831726,1.3265401124954224,-0.4626597464084625,0.02427689917385578,0.700772225856781,1.3100701570510864,-1.2126466035842896,0.13551320135593414,0.9026862382888794,1.3208833932876587,-0.5256988406181335,0.03680681809782982,0.714475154876709,1.2932472229003906,-1.2487932443618774,0.1856878399848938,0.8936976194381714,1.2889385223388672,-0.4162519574165344,0.03517135605216026,0.7145209312438965,1.2635517120361328,-1.1065276861190796,0.15606559813022614,0.8671075105667114,1.3185673952102661,0.06726859509944916,0.010686026886105537,0.6759377121925354,1.337242603302002,-0.06437477469444275,0.00974627397954464,0.8666456937789917,1.7612823247909546,0.06300292909145355,0.010584361851215363,0.6848806738853455,1.7847899198532104,-0.06321848928928375,0.004574867431074381,0.871703028678894,2.1644322872161865,0.4867517054080963,0.0023949085734784603,0.6890959143638611,2.1917052268981934,0.21752433478832245,0.00077371223596856,0.8709059953689575,2.230771780014038,0.5038045644760132,0.0015464246971532702,0.6732149720191956,2.263608694076538,0.2269667685031891,0.0012244863901287317,0.8809479475021362,2.2845633029937744,0.11916624009609222,0.0023690490052103996,0.7485769987106323,2.300502300262451,-0.2311057150363922,0.001647692872211337
2025-11-26 22:44:39.158,0.8045140504837036,0.5309567451477051,-0.6673027276992798,0.9992766976356506,0.8054220080375671,0.48816001415252686,-0.596304178237915,0.9991652965545654,0.8123706579208374,0.4884592890739441,-0.5965688228607178,0.9993213415145874,0.8184840083122253,0.48920154571533203,-0.5966922640800476,0.9991243481636047,0.7786300182342529,0.48931777477264404,-0.6423240303993225,0.9991810917854309,0.7659322023391724,0.49123382568359375,-0.6422296762466431,0.9994238615036011,0.7528006434440613,0.49321573972702026,-0.6426581144332886,0.9992561936378479,0.808600902557373,0.5105544924736023,-0.21309557557106018,0.9992420673370361,0.7138429880142212,0.5191822648048401,-0.4124619960784912,0.9996154308319092,0.8155330419540405,0.578170657157898,-0.5244745016098022,0.9995049238204956,0.7831444144248962,0.5827421545982361,-0.581145703792572,0.9995964169502258,0.8802201151847839,0.7714369893074036,0.03900884836912155,0.9936074018478394,0.5983405113220215,0.7705122232437134,-0.38748541474342346,0.9947600960731506,0.9222651720046997,0.972743034362793,0.015291305258870125,0.06756420433521271,0.6288148164749146,1.1013826131820679,-0.6160010695457458,0.4158540666103363,0.9156718254089355,1.245625615119934,-0.4054473340511322,0.017859725281596184,0.703390896320343,1.2026547193527222,-1.1199449300765991,0.12794144451618195,0.9232932329177856,1.325146198272705,-0.5013642907142639,0.029444202780723572,0.7160953283309937,1.2596746683120728,-1.2583311796188354,0.16010244190692902,0.9022132754325867,1.3171534538269043,-0.5669590830802917,0.04442405328154564,0.725584864616394,1.2359747886657715,-1.2912534475326538,0.22080568969249725,0.8923567533493042,1.2863060235977173,-0.45066484808921814,0.043309301137924194,0.723781168460846,1.2105456590652466,-1.145358681678772,0.18369242548942566,0.8668729662895203,1.3130419254302979,0.06851524859666824,0.010014762170612812,0.6764764189720154,1.3329740762710571,-0.06550340354442596,0.008879126980900764,0.8673244714736938,1.7543882131576538,0.04003138467669487,0.01082536019384861,0.6863020658493042,1.7780729532241821,-0.09205351769924164,0.004548509605228901,0.8730304837226868,2.1564362049102783,0.4427759647369385,0.0022862942423671484,0.6906135678291321,2.1850502490997314,0.1679704636335373,0.0006538062007166445,0.8724504709243774,2.221709728240967,0.4571763575077057,0.0016249277396127582,0.6756243705749512,2.25634503364563,0.17462442815303802,0.0010281819850206375,0.8797869682312012,2.2771453857421875,0.05951812118291855,0.0021874364465475082,0.7468889951705933,2.2929458618164062,-0.29303425550460815,0.0015824408037588
2025-11-26 22:44:39.368,0.8060730695724487,0.5286940336227417,-0.6670664548873901,0.9993626475334167,0.806198000907898,0.4861566424369812,-0.5956547260284424,0.9992639422416687,0.8128646612167358,0.4864179491996765,-0.5959047675132751,0.9994279742240906,0.8187162280082703,0.48715659976005554,-0.5960672497749329,0.9992412328720093,0.7799323201179504,0.48721736669540405,-0.6429298520088196,0.9992741942405701,0.7673046588897705,0.4891483187675476,-0.6428521275520325,0.9994989633560181,0.7539786100387573,0.4911766052246094,-0.6432682275772095,0.9993305206298828,0.8077695965766907,0.5090420842170715,-0.21462199091911316,0.9993593096733093,0.7138738632202148,0.518263041973114,-0.41958943009376526,0.9996503591537476,0.8170121908187866,0.5759130120277405,-0.5250510573387146,0.9995625615119934,0.7846543788909912,0.5802080035209656,-0.5833605527877808,0.999627947807312,0.8817489743232727,0.7728878855705261,0.03338388353586197,0.9947372078895569,0.5980074405670166,0.7708605527877808,-0.40285152196884155,0.9957171082496643,0.9234026670455933,0.9770029187202454,0.011755704879760742,0.06928068399429321,0.6265483498573303,1.1045461893081665,-0.6332707405090332,0.3704555928707123,0.9178190231323242,1.2700531482696533,-0.3906834125518799,0.015795061364769936,0.6904057264328003,1.2260295152664185,-1.1370913982391357,0.10330899059772491,0.9271332621574402,1.353933334350586,-0.4804605543613434,0.026771698147058487,0.6968451142311096,1.2863937616348267,-1.2778675556182861,0.13409423828125,0.9053250551223755,1.3506815433502197,-0.5502451062202454,0.04177313670516014,0.7104827165603638,1.2697385549545288,-1.311639666557312,0.18995258212089539,0.8951401710510254,1.3177876472473145,-0.4369942545890808,0.039402469992637634,0.7109450101852417,1.2422248125076294,-1.1637461185455322,0.1559806764125824,0.8667281270027161,1.316383957862854,0.07381003350019455,0.010169072076678276,0.6769482493400574,1.3333154916763306,-0.07082951813936234,0.009380685165524483,0.8635370135307312,1.7577930688858032,0.038983408361673355,0.01194674801081419,0.6853235363960266,1.7770496606826782,-0.13528645038604736,0.004918877501040697,0.8650635480880737,2.1617095470428467,0.4310462474822998,0.0025043897330760956,0.6838192343711853,2.1909217834472656,0.11855603754520416,0.0007755769183859229,0.8638557195663452,2.227471351623535,0.4443722367286682,0.001823948696255684,0.6692173480987549,2.264941930770874,0.12385883182287216,0.001182056381367147,0.8702787160873413,2.2838406562805176,0.04708731919527054,0.002601560205221176,0.7343632578849792,2.2986950874328613,-0.3457776606082916,0.0018053340027108788
2025-11-26 22:44:39.600,0.8058730959892273,0.5279302000999451,-0.6697754263877869,0.9993255138397217,0.8063863515853882,0.48557281494140625,-0.5985552668571472,0.9992524981498718,0.8130777478218079,0.4858422875404358,-0.598810613155365,0.9993942975997925,0.8189689517021179,0.4866616129875183,-0.5989243984222412,0.9992364645004272,0.7799593806266785,0.4867105484008789,-0.6432729959487915,0.9992567896842957,0.7672173380851746,0.4886389374732971,-0.6431702971458435,0.9994547963142395,0.7538121342658997,0.4906165301799774,-0.6435763239860535,0.999302864074707,0.8085383176803589,0.5091390609741211,-0.21400094032287598,0.9993457198143005,0.7135673761367798,0.5176246166229248,-0.40898847579956055,0.999617338180542,0.816982626914978,0.5750638842582703,-0.526811957359314,0.9995373487472534,0.7843816876411438,0.5790512561798096,-0.5821250081062317,0.9996066689491272,0.8809725046157837,0.7706769704818726,0.029449885711073875,0.9947721362113953,0.5973667502403259,0.7712778449058533,-0.3704109489917755,0.9945283532142639,0.9289885759353638,0.9705801010131836,-0.02145218849182129,0.08485132455825806,0.6321210265159607,1.0117971897125244,-0.6091253757476807,0.3709608018398285,0.9081445932388306,1.2228916883468628,-0.47281771898269653,0.027708586305379868,0.6861603856086731,1.1912989616394043,-1.1495888233184814,0.12854573130607605,0.912311851978302,1.297156810760498,-0.574890673160553,0.0448249876499176,0.6943089365959167,1.2445199489593506,-1.2938963174819946,0.17181101441383362,0.8915462493896484,1.2844078540802002,-0.6383617520332336,0.06721659749746323,0.702788233757019,1.219835877418518,-1.32602858543396,0.23788972198963165,0.8831782341003418,1.2558985948562622,-0.5173399448394775,0.06403464823961258,0.7030344009399414,1.1957685947418213,-1.176538109779358,0.19968876242637634,0.8661781549453735,1.3127361536026,0.06841614842414856,0.010115843266248703,0.6768734455108643,1.3318413496017456,-0.06531476229429245,0.008978849276900291,0.8627142906188965,1.7534042596817017,0.05209007114171982,0.010603869333863258,0.6824533939361572,1.7757878303527832,-0.1149718314409256,0.004154710564762354,0.8647884130477905,2.153639078140259,0.4467853903770447,0.0021569374948740005,0.6827865839004517,2.185250759124756,0.14039893448352814,0.0005884954589419067,0.864044189453125,2.217182159423828,0.46075135469436646,0.0018157658632844687,0.6686314940452576,2.255708932876587,0.14621244370937347,0.0009289675508625805,0.8687909245491028,2.2764668464660645,0.06662654131650925,0.0022223873529583216,0.7333117723464966,2.2949774265289307,-0.32193419337272644,0.0014990395866334438
